{"00_RFDN_baseline": {"valid_runtime": [186.321533203125, 22.361248016357422, 24.687423706054688, 20.452224731445312, 24.587167739868164, 21.793664932250977, 19.910112380981445, 21.826976776123047, 22.360511779785156, 24.536928176879883, 22.1889591217041, 24.43084716796875, 23.71651268005371, 22.396896362304688, 24.022655487060547, 21.895551681518555, 24.13363265991211, 24.058624267578125, 22.08950424194336, 22.215967178344727, 21.994495391845703, 25.394432067871094, 23.092544555664062, 22.791616439819336, 22.33087921142578, 24.923967361450195, 24.253023147583008, 22.813791275024414, 21.77356719970703, 15.95967960357666, 21.76576042175293, 21.940031051635742, 25.27769660949707, 22.31020736694336, 26.153823852539062, 24.136127471923828, 21.949663162231445, 22.425823211669922, 21.9267520904541, 22.073087692260742, 21.71379280090332, 21.782432556152344, 21.936927795410156, 29.227008819580078, 22.050559997558594, 22.482336044311523, 22.150880813598633, 24.095552444458008, 21.619775772094727, 21.77187156677246, 22.089311599731445, 19.811359405517578, 22.037376403808594, 19.36636734008789, 30.203327178955078, 21.784191131591797, 24.483200073242188, 21.6592960357666, 21.8123836517334, 24.054624557495117, 21.974336624145508, 21.841440200805664, 24.48633575439453, 21.75119972229004, 24.167999267578125, 21.993759155273438, 21.82851219177246, 22.072608947753906, 21.84662437438965, 25.20364761352539, 21.998464584350586, 21.774911880493164, 21.768512725830078, 21.866559982299805, 24.057600021362305, 22.315200805664062, 19.078847885131836, 27.505695343017578, 28.050464630126953, 21.777376174926758, 20.83216094970703, 21.87628746032715, 22.70262336730957, 22.448671340942383, 21.774784088134766, 21.840576171875, 22.152671813964844, 22.190208435058594, 21.781919479370117, 21.90163230895996, 25.84819221496582, 21.028608322143555, 21.785919189453125, 22.0598087310791, 20.565568923950195, 21.785024642944336, 21.988384246826172, 22.06470489501953, 22.071807861328125, 19.111648559570312], "valid_psnr": [29.75972129648145, 35.288249807146464, 40.75453467308197, 27.54320918275949, 28.58240171663934, 28.649707919808954, 20.28223787642567, 26.8853300967117, 32.30120754398427, 26.769213753672304, 29.124872821299405, 28.097416812658476, 31.46590004039458, 28.401090906105487, 34.21535425483458, 31.73060368683645, 32.28199188634666, 29.041418348131927, 28.13281973290122, 25.077958820752073, 32.36137347216295, 30.73312081143138, 26.105608372484028, 28.547630772331907, 27.44763268013034, 24.272203672599566, 33.68910436595267, 22.071603195599586, 26.62254883889206, 24.518760446736394, 30.371902708748706, 30.95945185618488, 34.175578079836775, 25.45957134260312, 22.89209613066193, 25.98910490566783, 26.31395420634459, 37.78362280530101, 29.105460926947863, 28.438279636035837, 28.27039441700729, 30.106093857622326, 41.21488362267009, 44.51092403453582, 24.41998194326034, 25.5757298539216, 27.89282487102367, 27.329978519167494, 22.505022847493823, 29.198129316476148, 28.608705965919672, 30.109108156128897, 34.30481993657659, 24.9821725544247, 29.427228611806907, 24.4111009010673, 34.943530659150575, 28.582422298242257, 25.56735251297221, 20.646117060046684, 23.11822187919399, 33.179761137061895, 33.25077485811597, 29.963134661110132, 27.32280606461339, 25.214195006806168, 28.579635323851676, 32.90075032144654, 23.83898061192772, 28.681017852458304, 32.21953881103319, 24.09865578756856, 24.118166920536545, 30.21306750565694, 24.446160915561023, 22.211727700716484, 40.4781118937162, 32.23054990095586, 27.384546663836254, 32.30266402213887, 25.982051711642743, 34.283990957827626, 26.42093044476706, 26.049513665774988, 22.96683004003253, 36.59069170537249, 25.325616726147192, 30.70968202037973, 31.085954025710514, 25.319643029981105, 26.98917913154288, 30.356739429691423, 33.345156664102895, 31.843398919344562, 20.457467533358333, 39.27178924901783, 22.216336878953754, 34.600907878065634, 31.51085029562423, 28.183490318285017], "valid_memory": 788.1298828125, "valid_ave_runtime": 24.265777883529662, "valid_ave_psnr": 29.041130608070695, "activations": 112.03424, "num_conv": 64, "flops": 27.10262256, "num_parameters": 0.433448}, "01_EDRN": {"valid_runtime": [126.89238739013672, 53.99292755126953, 349.766357421875, 48.60793685913086, 57.41891098022461, 55.00281524658203, 43.757503509521484, 53.86921691894531, 53.80534362792969, 56.6976318359375, 53.845664978027344, 57.5109748840332, 53.75299072265625, 53.85055923461914, 54.07574462890625, 53.80335998535156, 56.4699821472168, 56.501182556152344, 53.917503356933594, 54.93040084838867, 54.37014389038086, 63.078304290771484, 54.135520935058594, 56.560447692871094, 55.397216796875, 57.016990661621094, 56.694942474365234, 54.92825698852539, 54.284481048583984, 34.39744186401367, 53.973182678222656, 54.2421760559082, 62.48758316040039, 53.93891143798828, 183.62294006347656, 56.6673583984375, 54.044769287109375, 53.8818244934082, 53.897056579589844, 54.47932815551758, 53.928321838378906, 53.88825607299805, 53.88822555541992, 55.22227096557617, 53.86995315551758, 51.19388961791992, 53.62870407104492, 56.74265670776367, 54.00153732299805, 54.041534423828125, 50.69811248779297, 43.86723327636719, 53.862911224365234, 43.508670806884766, 72.7790756225586, 55.368736267089844, 57.37510299682617, 54.685089111328125, 54.55878448486328, 57.03843307495117, 54.54288101196289, 53.865665435791016, 59.31516647338867, 53.871681213378906, 56.42038345336914, 53.658302307128906, 53.66169738769531, 53.82953643798828, 53.590145111083984, 61.79219055175781, 54.06012725830078, 54.01443099975586, 53.81305694580078, 53.98992156982422, 56.74019241333008, 53.837825775146484, 42.82271957397461, 68.70758056640625, 67.7228775024414, 53.79414367675781, 50.50700759887695, 53.727073669433594, 55.195838928222656, 53.743038177490234, 53.96579360961914, 53.82761764526367, 53.780094146728516, 53.84364700317383, 54.23286437988281, 50.449119567871094, 65.07449340820312, 51.15603256225586, 53.827232360839844, 53.61433410644531, 50.980865478515625, 53.766143798828125, 50.34668731689453, 53.68291091918945, 53.853214263916016, 43.01385498046875],